order_id,order_status,order_purchase_timestamp,order_approved_at,order_delivered_carrier_date,order_delivered_customer_date,order_estimated_delivery_date,delivery_time_days,delivery_delay_days,delivered_on_time,id
order_1,delivered,2022-01-01 00:00:00.000000000,2022-01-01 00:00:00.000000000,2022-01-02 00:00:00.000000000,2022-01-05 00:00:00.000000000,2022-01-10 00:00:00.000000000,4.0,-5.0,True,order_1
order_2,delivered,2022-01-02 19:53:58.190954773,2022-01-02 19:53:58.190954773,2022-01-03 19:53:58.190954773,2022-01-06 20:01:12.361809045,2022-01-11 20:01:12.361809045,4.005025125628148,-5.0,True,order_2
order_3,shipped,2022-01-04 15:47:56.381909547,2022-01-04 15:47:56.381909547,2022-01-05 15:47:56.381909547,2022-01-08 16:02:24.723618090,2022-01-13 16:02:24.723618090,4.010050251256285,-5.0,True,order_3
order_4,delivered,2022-01-06 11:41:54.572864321,2022-01-06 11:41:54.572864321,2022-01-07 11:41:54.572864321,2022-01-10 12:03:37.085427135,2022-01-15 12:03:37.085427135,4.015075376884421,-5.0,True,order_4
order_5,delivered,2022-01-08 07:35:52.763819095,2022-01-08 07:35:52.763819095,2022-01-09 07:35:52.763819095,2022-01-12 08:04:49.447236180,2022-01-17 08:04:49.447236180,4.020100502512558,-5.0,True,order_5
order_6,canceled,2022-01-10 03:29:50.954773869,2022-01-10 03:29:50.954773869,2022-01-11 03:29:50.954773869,2022-01-14 04:06:01.809045226,2022-01-19 04:06:01.809045226,4.025125628140706,-5.0,True,order_6
order_7,delivered,2022-01-11 23:23:49.145728643,2022-01-11 23:23:49.145728643,2022-01-12 23:23:49.145728643,2022-01-16 00:07:14.170854271,2022-01-21 00:07:14.170854271,4.030150753768843,-5.0,True,order_7
order_8,delivered,2022-01-13 19:17:47.336683417,2022-01-13 19:17:47.336683417,2022-01-14 19:17:47.336683417,2022-01-17 20:08:26.532663316,2022-01-22 20:08:26.532663316,4.03517587939698,-5.0,True,order_8
order_9,delivered,2022-01-15 15:11:45.527638191,2022-01-15 15:11:45.527638191,2022-01-16 15:11:45.527638191,2022-01-19 16:09:38.894472361,2022-01-24 16:09:38.894472361,4.040201005025116,-5.0,True,order_9
order_10,delivered,2022-01-17 11:05:43.718592965,2022-01-17 11:05:43.718592965,2022-01-18 11:05:43.718592965,2022-01-21 12:10:51.256281407,2022-01-26 12:10:51.256281407,4.045226130653264,-5.0,True,order_10
order_11,delivered,2022-01-19 06:59:41.909547738,2022-01-19 06:59:41.909547738,2022-01-20 06:59:41.909547738,2022-01-23 08:12:03.618090452,2022-01-28 08:12:03.618090452,4.050251256281412,-5.0,True,order_11
order_12,delivered,2022-01-21 02:53:40.100502512,2022-01-21 02:53:40.100502512,2022-01-22 02:53:40.100502512,2022-01-25 04:13:15.979899497,2022-01-30 04:13:15.979899497,4.0552763819095485,-5.0,True,order_12
order_13,delivered,2022-01-22 22:47:38.291457286,2022-01-22 22:47:38.291457286,2022-01-23 22:47:38.291457286,2022-01-27 00:14:28.341708542,2022-02-01 00:14:28.341708542,4.060301507537685,-5.0,True,order_13
order_14,shipped,2022-01-24 18:41:36.482412060,2022-01-24 18:41:36.482412060,2022-01-25 18:41:36.482412060,2022-01-28 20:15:40.703517587,2022-02-02 20:15:40.703517587,4.065326633165822,-5.0,True,order_14
order_15,delivered,2022-01-26 14:35:34.673366834,2022-01-26 14:35:34.673366834,2022-01-27 14:35:34.673366834,2022-01-30 16:16:53.065326633,2022-02-04 16:16:53.065326633,4.0703517587939695,-5.0,True,order_15
order_16,delivered,2022-01-28 10:29:32.864321608,2022-01-28 10:29:32.864321608,2022-01-29 10:29:32.864321608,2022-02-01 12:18:05.427135678,2022-02-06 12:18:05.427135678,4.0753768844221065,-5.0,True,order_16
order_17,delivered,2022-01-30 06:23:31.055276382,2022-01-30 06:23:31.055276382,2022-01-31 06:23:31.055276382,2022-02-03 08:19:17.788944723,2022-02-08 08:19:17.788944723,4.080402010050244,-5.0,True,order_17
order_18,delivered,2022-02-01 02:17:29.246231156,2022-02-01 02:17:29.246231156,2022-02-02 02:17:29.246231156,2022-02-05 04:20:30.150753768,2022-02-10 04:20:30.150753768,4.08542713567838,-5.0,True,order_18
order_19,delivered,2022-02-02 22:11:27.437185930,2022-02-02 22:11:27.437185930,2022-02-03 22:11:27.437185930,2022-02-07 00:21:42.512562814,2022-02-12 00:21:42.512562814,4.090452261306528,-5.0,True,order_19
order_20,processing,2022-02-04 18:05:25.628140703,2022-02-04 18:05:25.628140703,2022-02-05 18:05:25.628140703,2022-02-08 20:22:54.874371859,2022-02-13 20:22:54.874371859,4.095477386934676,-5.0,True,order_20
order_21,delivered,2022-02-06 13:59:23.819095477,2022-02-06 13:59:23.819095477,2022-02-07 13:59:23.819095477,2022-02-10 16:24:07.236180904,2022-02-15 16:24:07.236180904,4.100502512562812,-5.0,True,order_21
order_22,delivered,2022-02-08 09:53:22.010050251,2022-02-08 09:53:22.010050251,2022-02-09 09:53:22.010050251,2022-02-12 12:25:19.597989949,2022-02-17 12:25:19.597989949,4.105527638190949,-5.0,True,order_22
order_23,delivered,2022-02-10 05:47:20.201005025,2022-02-10 05:47:20.201005025,2022-02-11 05:47:20.201005025,2022-02-14 08:26:31.959798995,2022-02-19 08:26:31.959798995,4.110552763819097,-5.0,True,order_23
order_24,delivered,2022-02-12 01:41:18.391959799,2022-02-12 01:41:18.391959799,2022-02-13 01:41:18.391959799,2022-02-16 04:27:44.321608040,2022-02-21 04:27:44.321608040,4.115577889447234,-5.0,True,order_24
order_25,delivered,2022-02-13 21:35:16.582914573,2022-02-13 21:35:16.582914573,2022-02-14 21:35:16.582914573,2022-02-18 00:28:56.683417085,2022-02-23 00:28:56.683417085,4.12060301507537,-5.0,True,order_25
order_26,shipped,2022-02-15 17:29:14.773869347,2022-02-15 17:29:14.773869347,2022-02-16 17:29:14.773869347,2022-02-19 20:30:09.045226130,2022-02-24 20:30:09.045226130,4.1256281407035065,-5.0,True,order_26
order_27,delivered,2022-02-17 13:23:12.964824121,2022-02-17 13:23:12.964824121,2022-02-18 13:23:12.964824121,2022-02-21 16:31:21.407035175,2022-02-26 16:31:21.407035175,4.1306532663316435,-5.0,True,order_27
order_28,delivered,2022-02-19 09:17:11.155778894,2022-02-19 09:17:11.155778894,2022-02-20 09:17:11.155778894,2022-02-23 12:32:33.768844221,2022-02-28 12:32:33.768844221,4.135678391959803,-5.0,True,order_28
order_29,delivered,2022-02-21 05:11:09.346733668,2022-02-21 05:11:09.346733668,2022-02-22 05:11:09.346733668,2022-02-25 08:33:46.130653266,2022-03-02 08:33:46.130653266,4.14070351758794,-5.0,True,order_29
order_30,delivered,2022-02-23 01:05:07.537688442,2022-02-23 01:05:07.537688442,2022-02-24 01:05:07.537688442,2022-02-27 04:34:58.492462311,2022-03-04 04:34:58.492462311,4.145728643216077,-5.0,True,order_30
order_31,delivered,2022-02-24 20:59:05.728643216,2022-02-24 20:59:05.728643216,2022-02-25 20:59:05.728643216,2022-03-01 00:36:10.854271357,2022-03-06 00:36:10.854271357,4.150753768844225,-5.0,True,order_31
order_32,delivered,2022-02-26 16:53:03.919597990,2022-02-26 16:53:03.919597990,2022-02-27 16:53:03.919597990,2022-03-02 20:37:23.216080402,2022-03-07 20:37:23.216080402,4.155778894472362,-5.0,True,order_32
order_33,delivered,2022-02-28 12:47:02.110552764,2022-02-28 12:47:02.110552764,2022-03-01 12:47:02.110552764,2022-03-04 16:38:35.577889447,2022-03-09 16:38:35.577889447,4.160804020100498,-5.0,True,order_33
order_34,delivered,2022-03-02 08:41:00.301507538,2022-03-02 08:41:00.301507538,2022-03-03 08:41:00.301507538,2022-03-06 12:39:47.939698492,2022-03-11 12:39:47.939698492,4.165829145728634,-5.0,True,order_34
order_35,delivered,2022-03-04 04:34:58.492462312,2022-03-04 04:34:58.492462312,2022-03-05 04:34:58.492462312,2022-03-08 08:41:00.301507537,2022-03-13 08:41:00.301507537,4.17085427135677,-5.0,True,order_35
order_36,delivered,2022-03-06 00:28:56.683417086,2022-03-06 00:28:56.683417086,2022-03-07 00:28:56.683417086,2022-03-10 04:42:12.663316583,2022-03-15 04:42:12.663316583,4.175879396984919,-5.0,True,order_36
order_37,shipped,2022-03-07 20:22:54.874371860,2022-03-07 20:22:54.874371860,2022-03-08 20:22:54.874371860,2022-03-12 00:43:25.025125628,2022-03-17 00:43:25.025125628,4.180904522613055,-5.0,True,order_37
order_38,delivered,2022-03-09 16:16:53.065326633,2022-03-09 16:16:53.065326633,2022-03-10 16:16:53.065326633,2022-03-13 20:44:37.386934673,2022-03-18 20:44:37.386934673,4.185929648241204,-5.0,True,order_38
order_39,delivered,2022-03-11 12:10:51.256281407,2022-03-11 12:10:51.256281407,2022-03-12 12:10:51.256281407,2022-03-15 16:45:49.748743718,2022-03-20 16:45:49.748743718,4.190954773869341,-5.0,True,order_39
order_40,shipped,2022-03-13 08:04:49.447236181,2022-03-13 08:04:49.447236181,2022-03-14 08:04:49.447236181,2022-03-17 12:47:02.110552764,2022-03-22 12:47:02.110552764,4.195979899497488,-5.0,True,order_40
order_41,delivered,2022-03-15 03:58:47.638190955,2022-03-15 03:58:47.638190955,2022-03-16 03:58:47.638190955,2022-03-19 08:48:14.472361809,2022-03-24 08:48:14.472361809,4.2010050251256255,-5.0,True,order_41
order_42,delivered,2022-03-16 23:52:45.829145729,2022-03-16 23:52:45.829145729,2022-03-17 23:52:45.829145729,2022-03-21 04:49:26.834170854,2022-03-26 04:49:26.834170854,4.206030150753762,-5.0,True,order_42
order_43,processing,2022-03-18 19:46:44.020100503,2022-03-18 19:46:44.020100503,2022-03-19 19:46:44.020100503,2022-03-23 00:50:39.195979899,2022-03-28 00:50:39.195979899,4.211055276381898,-5.0,True,order_43
order_44,shipped,2022-03-20 15:40:42.211055277,2022-03-20 15:40:42.211055277,2022-03-21 15:40:42.211055277,2022-03-24 20:51:51.557788944,2022-03-29 20:51:51.557788944,4.216080402010035,-5.0,True,order_44
order_45,delivered,2022-03-22 11:34:40.402010050,2022-03-22 11:34:40.402010050,2022-03-23 11:34:40.402010050,2022-03-26 16:53:03.919597990,2022-03-31 16:53:03.919597990,4.221105527638194,-5.0,True,order_45
order_46,delivered,2022-03-24 07:28:38.592964824,2022-03-24 07:28:38.592964824,2022-03-25 07:28:38.592964824,2022-03-28 12:54:16.281407035,2022-04-02 12:54:16.281407035,4.226130653266331,-5.0,True,order_46
order_47,delivered,2022-03-26 03:22:36.783919598,2022-03-26 03:22:36.783919598,2022-03-27 03:22:36.783919598,2022-03-30 08:55:28.643216080,2022-04-04 08:55:28.643216080,4.231155778894467,-5.0,True,order_47
order_48,shipped,2022-03-27 23:16:34.974874372,2022-03-27 23:16:34.974874372,2022-03-28 23:16:34.974874372,2022-04-01 04:56:41.005025125,2022-04-06 04:56:41.005025125,4.2361809045226035,-5.0,True,order_48
order_49,processing,2022-03-29 19:10:33.165829146,2022-03-29 19:10:33.165829146,2022-03-30 19:10:33.165829146,2022-04-03 00:57:53.366834170,2022-04-08 00:57:53.366834170,4.241206030150741,-5.0,True,order_49
order_50,delivered,2022-03-31 15:04:31.356783920,2022-03-31 15:04:31.356783920,2022-04-01 15:04:31.356783920,2022-04-04 20:59:05.728643216,2022-04-09 20:59:05.728643216,4.246231155778889,-5.0,True,order_50
order_51,delivered,2022-04-02 10:58:29.547738694,2022-04-02 10:58:29.547738694,2022-04-03 10:58:29.547738694,2022-04-06 17:00:18.090452261,2022-04-11 17:00:18.090452261,4.251256281407025,-5.0,True,order_51
order_52,delivered,2022-04-04 06:52:27.738693468,2022-04-04 06:52:27.738693468,2022-04-05 06:52:27.738693468,2022-04-08 13:01:30.452261306,2022-04-13 13:01:30.452261306,4.2562814070351624,-5.0,True,order_52
order_53,delivered,2022-04-06 02:46:25.929648242,2022-04-06 02:46:25.929648242,2022-04-07 02:46:25.929648242,2022-04-10 09:02:42.814070351,2022-04-15 09:02:42.814070351,4.261306532663299,-5.0,True,order_53
order_54,delivered,2022-04-07 22:40:24.120603015,2022-04-07 22:40:24.120603015,2022-04-08 22:40:24.120603015,2022-04-12 05:03:55.175879397,2022-04-17 05:03:55.175879397,4.266331658291459,-5.0,True,order_54
order_55,delivered,2022-04-09 18:34:22.311557789,2022-04-09 18:34:22.311557789,2022-04-10 18:34:22.311557789,2022-04-14 01:05:07.537688442,2022-04-19 01:05:07.537688442,4.271356783919595,-5.0,True,order_55
order_56,shipped,2022-04-11 14:28:20.502512563,2022-04-11 14:28:20.502512563,2022-04-12 14:28:20.502512563,2022-04-15 21:06:19.899497487,2022-04-20 21:06:19.899497487,4.276381909547731,-5.0,True,order_56
order_57,delivered,2022-04-13 10:22:18.693467337,2022-04-13 10:22:18.693467337,2022-04-14 10:22:18.693467337,2022-04-17 17:07:32.261306532,2022-04-22 17:07:32.261306532,4.281407035175868,-5.0,True,order_57
order_58,delivered,2022-04-15 06:16:16.884422110,2022-04-15 06:16:16.884422110,2022-04-16 06:16:16.884422110,2022-04-19 13:08:44.623115578,2022-04-24 13:08:44.623115578,4.2864321608040274,-5.0,True,order_58
order_59,delivered,2022-04-17 02:10:15.075376884,2022-04-17 02:10:15.075376884,2022-04-18 02:10:15.075376884,2022-04-21 09:09:56.984924622,2022-04-26 09:09:56.984924622,4.291457286432152,-5.0,True,order_59
order_60,delivered,2022-04-18 22:04:13.266331658,2022-04-18 22:04:13.266331658,2022-04-19 22:04:13.266331658,2022-04-23 05:11:09.346733668,2022-04-28 05:11:09.346733668,4.296482412060301,-5.0,True,order_60
order_61,delivered,2022-04-20 17:58:11.457286432,2022-04-20 17:58:11.457286432,2022-04-21 17:58:11.457286432,2022-04-25 01:12:21.708542714,2022-04-30 01:12:21.708542714,4.301507537688448,-5.0,True,order_61
order_62,delivered,2022-04-22 13:52:09.648241206,2022-04-22 13:52:09.648241206,2022-04-23 13:52:09.648241206,2022-04-26 21:13:34.070351758,2022-05-01 21:13:34.070351758,4.306532663316575,-5.0,True,order_62
order_63,delivered,2022-04-24 09:46:07.839195980,2022-04-24 09:46:07.839195980,2022-04-25 09:46:07.839195980,2022-04-28 17:14:46.432160804,2022-05-03 17:14:46.432160804,4.3115577889447225,-5.0,True,order_63
order_64,canceled,2022-04-26 05:40:06.030150754,2022-04-26 05:40:06.030150754,2022-04-27 05:40:06.030150754,2022-04-30 13:15:58.793969848,2022-05-05 13:15:58.793969848,4.316582914572847,-5.0,True,order_64
order_65,delivered,2022-04-28 01:34:04.221105528,2022-04-28 01:34:04.221105528,2022-04-29 01:34:04.221105528,2022-05-02 09:17:11.155778894,2022-05-07 09:17:11.155778894,4.321608040200996,-5.0,True,order_65
order_66,delivered,2022-04-29 21:28:02.412060302,2022-04-29 21:28:02.412060302,2022-04-30 21:28:02.412060302,2022-05-04 05:18:23.517587940,2022-05-09 05:18:23.517587940,4.3266331658291435,-5.0,True,order_66
order_67,delivered,2022-05-01 17:22:00.603015076,2022-05-01 17:22:00.603015076,2022-05-02 17:22:00.603015076,2022-05-06 01:19:35.879396984,2022-05-11 01:19:35.879396984,4.331658291457268,-5.0,True,order_67
order_68,shipped,2022-05-03 13:15:58.793969850,2022-05-03 13:15:58.793969850,2022-05-04 13:15:58.793969850,2022-05-07 21:20:48.241206030,2022-05-12 21:20:48.241206030,4.336683417085417,-5.0,True,order_68
order_69,delivered,2022-05-05 09:09:56.984924624,2022-05-05 09:09:56.984924624,2022-05-06 09:09:56.984924624,2022-05-09 17:22:00.603015074,2022-05-14 17:22:00.603015074,4.341708542713541,-5.0,True,order_69
order_70,canceled,2022-05-07 05:03:55.175879398,2022-05-07 05:03:55.175879398,2022-05-08 05:03:55.175879398,2022-05-11 13:23:12.964824120,2022-05-16 13:23:12.964824120,4.34673366834169,-5.0,True,order_70
order_71,delivered,2022-05-09 00:57:53.366834172,2022-05-09 00:57:53.366834172,2022-05-10 00:57:53.366834172,2022-05-13 09:24:25.326633166,2022-05-18 09:24:25.326633166,4.351758793969838,-5.0,True,order_71
order_72,delivered,2022-05-10 20:51:51.557788946,2022-05-10 20:51:51.557788946,2022-05-11 20:51:51.557788946,2022-05-15 05:25:37.688442210,2022-05-20 05:25:37.688442210,4.356783919597963,-5.0,True,order_72
order_73,canceled,2022-05-12 16:45:49.748743720,2022-05-12 16:45:49.748743720,2022-05-13 16:45:49.748743720,2022-05-17 01:26:50.050251256,2022-05-22 01:26:50.050251256,4.361809045226111,-5.0,True,order_73
order_74,delivered,2022-05-14 12:39:47.939698492,2022-05-14 12:39:47.939698492,2022-05-15 12:39:47.939698492,2022-05-18 21:28:02.412060300,2022-05-23 21:28:02.412060300,4.3668341708542595,-5.0,True,order_74
order_75,processing,2022-05-16 08:33:46.130653266,2022-05-16 08:33:46.130653266,2022-05-17 08:33:46.130653266,2022-05-20 17:29:14.773869346,2022-05-25 17:29:14.773869346,4.371859296482407,-5.0,True,order_75
order_76,canceled,2022-05-18 04:27:44.321608040,2022-05-18 04:27:44.321608040,2022-05-19 04:27:44.321608040,2022-05-22 13:30:27.135678392,2022-05-27 13:30:27.135678392,4.376884422110556,-5.0,True,order_76
order_77,delivered,2022-05-20 00:21:42.512562814,2022-05-20 00:21:42.512562814,2022-05-21 00:21:42.512562814,2022-05-24 09:31:39.497487436,2022-05-29 09:31:39.497487436,4.3819095477386805,-5.0,True,order_77
order_78,delivered,2022-05-21 20:15:40.703517588,2022-05-21 20:15:40.703517588,2022-05-22 20:15:40.703517588,2022-05-26 05:32:51.859296482,2022-05-31 05:32:51.859296482,4.386934673366829,-5.0,True,order_78
order_79,delivered,2022-05-23 16:09:38.894472362,2022-05-23 16:09:38.894472362,2022-05-24 16:09:38.894472362,2022-05-28 01:34:04.221105528,2022-06-02 01:34:04.221105528,4.391959798994977,-5.0,True,order_79
order_80,delivered,2022-05-25 12:03:37.085427136,2022-05-25 12:03:37.085427136,2022-05-26 12:03:37.085427136,2022-05-29 21:35:16.582914572,2022-06-03 21:35:16.582914572,4.396984924623101,-5.0,True,order_80
order_81,delivered,2022-05-27 07:57:35.276381910,2022-05-27 07:57:35.276381910,2022-05-28 07:57:35.276381910,2022-05-31 17:36:28.944723618,2022-06-05 17:36:28.944723618,4.40201005025125,-5.0,True,order_81
order_82,canceled,2022-05-29 03:51:33.467336684,2022-05-29 03:51:33.467336684,2022-05-30 03:51:33.467336684,2022-06-02 13:37:41.306532662,2022-06-07 13:37:41.306532662,4.4070351758793755,-5.0,True,order_82
order_83,delivered,2022-05-30 23:45:31.658291458,2022-05-30 23:45:31.658291458,2022-05-31 23:45:31.658291458,2022-06-04 09:38:53.668341708,2022-06-09 09:38:53.668341708,4.412060301507523,-5.0,True,order_83
order_84,shipped,2022-06-01 19:39:29.849246232,2022-06-01 19:39:29.849246232,2022-06-02 19:39:29.849246232,2022-06-06 05:40:06.030150754,2022-06-11 05:40:06.030150754,4.417085427135672,-5.0,True,order_84
order_85,delivered,2022-06-03 15:33:28.040201006,2022-06-03 15:33:28.040201006,2022-06-04 15:33:28.040201006,2022-06-08 01:41:18.391959798,2022-06-13 01:41:18.391959798,4.4221105527637965,-5.0,True,order_85
order_86,delivered,2022-06-05 11:27:26.231155780,2022-06-05 11:27:26.231155780,2022-06-06 11:27:26.231155780,2022-06-09 21:42:30.753768844,2022-06-14 21:42:30.753768844,4.427135678391944,-5.0,True,order_86
order_87,delivered,2022-06-07 07:21:24.422110554,2022-06-07 07:21:24.422110554,2022-06-08 07:21:24.422110554,2022-06-11 17:43:43.115577888,2022-06-16 17:43:43.115577888,4.432160804020069,-5.0,True,order_87
order_88,delivered,2022-06-09 03:15:22.613065328,2022-06-09 03:15:22.613065328,2022-06-10 03:15:22.613065328,2022-06-13 13:44:55.477386934,2022-06-18 13:44:55.477386934,4.4371859296482175,-5.0,True,order_88
order_89,delivered,2022-06-10 23:09:20.804020100,2022-06-10 23:09:20.804020100,2022-06-11 23:09:20.804020100,2022-06-15 09:46:07.839195980,2022-06-20 09:46:07.839195980,4.442211055276389,-5.0,True,order_89
order_90,delivered,2022-06-12 19:03:18.994974874,2022-06-12 19:03:18.994974874,2022-06-13 19:03:18.994974874,2022-06-17 05:47:20.201005024,2022-06-22 05:47:20.201005024,4.447236180904514,-5.0,True,order_90
order_91,delivered,2022-06-14 14:57:17.185929648,2022-06-14 14:57:17.185929648,2022-06-15 14:57:17.185929648,2022-06-19 01:48:32.562814070,2022-06-24 01:48:32.562814070,4.4522613065326615,-5.0,True,order_91
order_92,delivered,2022-06-16 10:51:15.376884422,2022-06-16 10:51:15.376884422,2022-06-17 10:51:15.376884422,2022-06-20 21:49:44.924623114,2022-06-25 21:49:44.924623114,4.457286432160787,-5.0,True,order_92
order_93,delivered,2022-06-18 06:45:13.567839196,2022-06-18 06:45:13.567839196,2022-06-19 06:45:13.567839196,2022-06-22 17:50:57.286432160,2022-06-27 17:50:57.286432160,4.462311557788935,-5.0,True,order_93
order_94,delivered,2022-06-20 02:39:11.758793970,2022-06-20 02:39:11.758793970,2022-06-21 02:39:11.758793970,2022-06-24 13:52:09.648241206,2022-06-29 13:52:09.648241206,4.467336683417083,-5.0,True,order_94
order_95,processing,2022-06-21 22:33:09.949748744,2022-06-21 22:33:09.949748744,2022-06-22 22:33:09.949748744,2022-06-26 09:53:22.010050250,2022-07-01 09:53:22.010050250,4.472361809045209,-5.0,True,order_95
order_96,delivered,2022-06-23 18:27:08.140703518,2022-06-23 18:27:08.140703518,2022-06-24 18:27:08.140703518,2022-06-28 05:54:34.371859296,2022-07-03 05:54:34.371859296,4.477386934673357,-5.0,True,order_96
order_97,delivered,2022-06-25 14:21:06.331658292,2022-06-25 14:21:06.331658292,2022-06-26 14:21:06.331658292,2022-06-30 01:55:46.733668340,2022-07-05 01:55:46.733668340,4.482412060301481,-5.0,True,order_97
order_98,canceled,2022-06-27 10:15:04.522613066,2022-06-27 10:15:04.522613066,2022-06-28 10:15:04.522613066,2022-07-01 21:56:59.095477386,2022-07-06 21:56:59.095477386,4.48743718592963,-5.0,True,order_98
order_99,shipped,2022-06-29 06:09:02.713567840,2022-06-29 06:09:02.713567840,2022-06-30 06:09:02.713567840,2022-07-03 17:58:11.457286432,2022-07-08 17:58:11.457286432,4.4924623115577775,-5.0,True,order_99
order_100,canceled,2022-07-01 02:03:00.904522614,2022-07-01 02:03:00.904522614,2022-07-02 02:03:00.904522614,2022-07-05 13:59:23.819095476,2022-07-10 13:59:23.819095476,4.497487437185902,-5.0,True,order_100
order_101,delivered,2022-07-02 21:56:59.095477388,2022-07-02 21:56:59.095477388,2022-07-03 21:56:59.095477388,2022-07-07 10:00:36.180904522,2022-07-12 10:00:36.180904522,4.502512562814051,-5.0,True,order_101
order_102,delivered,2022-07-04 17:50:57.286432162,2022-07-04 17:50:57.286432162,2022-07-05 17:50:57.286432162,2022-07-09 06:01:48.542713568,2022-07-14 06:01:48.542713568,4.5075376884421985,-5.0,True,order_102
order_103,delivered,2022-07-06 13:44:55.477386936,2022-07-06 13:44:55.477386936,2022-07-07 13:44:55.477386936,2022-07-11 02:03:00.904522612,2022-07-16 02:03:00.904522612,4.512562814070324,-5.0,True,order_103
order_104,canceled,2022-07-08 09:38:53.668341710,2022-07-08 09:38:53.668341710,2022-07-09 09:38:53.668341710,2022-07-12 22:04:13.266331658,2022-07-17 22:04:13.266331658,4.517587939698473,-5.0,True,order_104
order_105,delivered,2022-07-10 05:32:51.859296484,2022-07-10 05:32:51.859296484,2022-07-11 05:32:51.859296484,2022-07-14 18:05:25.628140702,2022-07-19 18:05:25.628140702,4.522613065326597,-5.0,True,order_105
order_106,delivered,2022-07-12 01:26:50.050251256,2022-07-12 01:26:50.050251256,2022-07-13 01:26:50.050251256,2022-07-16 14:06:37.989949748,2022-07-21 14:06:37.989949748,4.527638190954769,-5.0,True,order_106
order_107,shipped,2022-07-13 21:20:48.241206030,2022-07-13 21:20:48.241206030,2022-07-14 21:20:48.241206030,2022-07-18 10:07:50.351758794,2022-07-23 10:07:50.351758794,4.532663316582917,-5.0,True,order_107
order_108,delivered,2022-07-15 17:14:46.432160804,2022-07-15 17:14:46.432160804,2022-07-16 17:14:46.432160804,2022-07-20 06:09:02.713567838,2022-07-25 06:09:02.713567838,4.537688442211042,-5.0,True,order_108
order_109,delivered,2022-07-17 13:08:44.623115578,2022-07-17 13:08:44.623115578,2022-07-18 13:08:44.623115578,2022-07-22 02:10:15.075376884,2022-07-27 02:10:15.075376884,4.54271356783919,-5.0,True,order_109
order_110,delivered,2022-07-19 09:02:42.814070352,2022-07-19 09:02:42.814070352,2022-07-20 09:02:42.814070352,2022-07-23 22:11:27.437185928,2022-07-28 22:11:27.437185928,4.5477386934673145,-5.0,True,order_110
order_111,delivered,2022-07-21 04:56:41.005025126,2022-07-21 04:56:41.005025126,2022-07-22 04:56:41.005025126,2022-07-25 18:12:39.798994974,2022-07-30 18:12:39.798994974,4.552763819095463,-5.0,True,order_111
order_112,delivered,2022-07-23 00:50:39.195979900,2022-07-23 00:50:39.195979900,2022-07-24 00:50:39.195979900,2022-07-27 14:13:52.160804020,2022-08-01 14:13:52.160804020,4.557788944723611,-5.0,True,order_112
order_113,delivered,2022-07-24 20:44:37.386934674,2022-07-24 20:44:37.386934674,2022-07-25 20:44:37.386934674,2022-07-29 10:15:04.522613064,2022-08-03 10:15:04.522613064,4.5628140703517355,-5.0,True,order_113
order_114,delivered,2022-07-26 16:38:35.577889448,2022-07-26 16:38:35.577889448,2022-07-27 16:38:35.577889448,2022-07-31 06:16:16.884422110,2022-08-05 06:16:16.884422110,4.567839195979884,-5.0,True,order_114
order_115,shipped,2022-07-28 12:32:33.768844220,2022-07-28 12:32:33.768844220,2022-07-29 12:32:33.768844220,2022-08-02 02:17:29.246231156,2022-08-07 02:17:29.246231156,4.572864321608056,-5.0,True,order_115
order_116,shipped,2022-07-30 08:26:31.959798996,2022-07-30 08:26:31.959798996,2022-07-31 08:26:31.959798996,2022-08-03 22:18:41.608040200,2022-08-08 22:18:41.608040200,4.577889447236157,-5.0,True,order_116
order_117,delivered,2022-08-01 04:20:30.150753768,2022-08-01 04:20:30.150753768,2022-08-02 04:20:30.150753768,2022-08-05 18:19:53.969849244,2022-08-10 18:19:53.969849244,4.582914572864306,-5.0,True,order_117
order_118,delivered,2022-08-03 00:14:28.341708544,2022-08-03 00:14:28.341708544,2022-08-04 00:14:28.341708544,2022-08-07 14:21:06.331658292,2022-08-12 14:21:06.331658292,4.587939698492454,-5.0,True,order_118
order_119,delivered,2022-08-04 20:08:26.532663316,2022-08-04 20:08:26.532663316,2022-08-05 20:08:26.532663316,2022-08-09 10:22:18.693467336,2022-08-14 10:22:18.693467336,4.592964824120602,-5.0,True,order_119
order_120,delivered,2022-08-06 16:02:24.723618092,2022-08-06 16:02:24.723618092,2022-08-07 16:02:24.723618092,2022-08-11 06:23:31.055276380,2022-08-16 06:23:31.055276380,4.597989949748704,-5.0,True,order_120
order_121,delivered,2022-08-08 11:56:22.914572864,2022-08-08 11:56:22.914572864,2022-08-09 11:56:22.914572864,2022-08-13 02:24:43.417085428,2022-08-18 02:24:43.417085428,4.603015075376899,-5.0,True,order_121
order_122,delivered,2022-08-10 07:50:21.105527640,2022-08-10 07:50:21.105527640,2022-08-11 07:50:21.105527640,2022-08-14 22:25:55.778894472,2022-08-19 22:25:55.778894472,4.608040201005,-5.0,True,order_122
order_123,delivered,2022-08-12 03:44:19.296482412,2022-08-12 03:44:19.296482412,2022-08-13 03:44:19.296482412,2022-08-16 18:27:08.140703516,2022-08-21 18:27:08.140703516,4.613065326633148,-5.0,True,order_123
order_124,delivered,2022-08-13 23:38:17.487437188,2022-08-13 23:38:17.487437188,2022-08-14 23:38:17.487437188,2022-08-18 14:28:20.502512560,2022-08-23 14:28:20.502512560,4.61809045226125,-5.0,True,order_124
order_125,delivered,2022-08-15 19:32:15.678391960,2022-08-15 19:32:15.678391960,2022-08-16 19:32:15.678391960,2022-08-20 10:29:32.864321608,2022-08-25 10:29:32.864321608,4.623115577889444,-5.0,True,order_125
order_126,delivered,2022-08-17 15:26:13.869346736,2022-08-17 15:26:13.869346736,2022-08-18 15:26:13.869346736,2022-08-22 06:30:45.226130652,2022-08-27 06:30:45.226130652,4.628140703517547,-5.0,True,order_126
order_127,delivered,2022-08-19 11:20:12.060301508,2022-08-19 11:20:12.060301508,2022-08-20 11:20:12.060301508,2022-08-24 02:31:57.587939696,2022-08-29 02:31:57.587939696,4.633165829145694,-5.0,True,order_127
order_128,shipped,2022-08-21 07:14:10.251256284,2022-08-21 07:14:10.251256284,2022-08-22 07:14:10.251256284,2022-08-25 22:33:09.949748744,2022-08-30 22:33:09.949748744,4.638190954773843,-5.0,True,order_128
order_129,delivered,2022-08-23 03:08:08.442211056,2022-08-23 03:08:08.442211056,2022-08-24 03:08:08.442211056,2022-08-27 18:34:22.311557788,2022-09-01 18:34:22.311557788,4.643216080401991,-5.0,True,order_129
order_130,canceled,2022-08-24 23:02:06.633165828,2022-08-24 23:02:06.633165828,2022-08-25 23:02:06.633165828,2022-08-29 14:35:34.673366832,2022-09-03 14:35:34.673366832,4.648241206030139,-5.0,True,order_130
order_131,processing,2022-08-26 18:56:04.824120604,2022-08-26 18:56:04.824120604,2022-08-27 18:56:04.824120604,2022-08-31 10:36:47.035175880,2022-09-05 10:36:47.035175880,4.653266331658287,-5.0,True,order_131
order_132,canceled,2022-08-28 14:50:03.015075376,2022-08-28 14:50:03.015075376,2022-08-29 14:50:03.015075376,2022-09-02 06:37:59.396984924,2022-09-07 06:37:59.396984924,4.658291457286436,-5.0,True,order_132
order_133,delivered,2022-08-30 10:44:01.206030152,2022-08-30 10:44:01.206030152,2022-08-31 10:44:01.206030152,2022-09-04 02:39:11.758793968,2022-09-09 02:39:11.758793968,4.663316582914537,-5.0,True,order_133
order_134,canceled,2022-09-01 06:37:59.396984924,2022-09-01 06:37:59.396984924,2022-09-02 06:37:59.396984924,2022-09-05 22:40:24.120603016,2022-09-10 22:40:24.120603016,4.668341708542732,-5.0,True,order_134
order_135,delivered,2022-09-03 02:31:57.587939700,2022-09-03 02:31:57.587939700,2022-09-04 02:31:57.587939700,2022-09-07 18:41:36.482412060,2022-09-12 18:41:36.482412060,4.673366834170833,-5.0,True,order_135
order_136,delivered,2022-09-04 22:25:55.778894472,2022-09-04 22:25:55.778894472,2022-09-05 22:25:55.778894472,2022-09-09 14:42:48.844221104,2022-09-14 14:42:48.844221104,4.678391959798981,-5.0,True,order_136
order_137,delivered,2022-09-06 18:19:53.969849248,2022-09-06 18:19:53.969849248,2022-09-07 18:19:53.969849248,2022-09-11 10:44:01.206030148,2022-09-16 10:44:01.206030148,4.683417085427084,-5.0,True,order_137
order_138,delivered,2022-09-08 14:13:52.160804020,2022-09-08 14:13:52.160804020,2022-09-09 14:13:52.160804020,2022-09-13 06:45:13.567839196,2022-09-18 06:45:13.567839196,4.6884422110552775,-5.0,True,order_138
order_139,delivered,2022-09-10 10:07:50.351758796,2022-09-10 10:07:50.351758796,2022-09-11 10:07:50.351758796,2022-09-15 02:46:25.929648240,2022-09-20 02:46:25.929648240,4.69346733668338,-5.0,True,order_139
order_140,delivered,2022-09-12 06:01:48.542713568,2022-09-12 06:01:48.542713568,2022-09-13 06:01:48.542713568,2022-09-16 22:47:38.291457284,2022-09-21 22:47:38.291457284,4.698492462311528,-5.0,True,order_140
order_141,delivered,2022-09-14 01:55:46.733668344,2022-09-14 01:55:46.733668344,2022-09-15 01:55:46.733668344,2022-09-18 18:48:50.653266332,2022-09-23 18:48:50.653266332,4.703517587939676,-5.0,True,order_141
order_142,delivered,2022-09-15 21:49:44.924623116,2022-09-15 21:49:44.924623116,2022-09-16 21:49:44.924623116,2022-09-20 14:50:03.015075376,2022-09-25 14:50:03.015075376,4.708542713567824,-5.0,True,order_142
order_143,delivered,2022-09-17 17:43:43.115577892,2022-09-17 17:43:43.115577892,2022-09-18 17:43:43.115577892,2022-09-22 10:51:15.376884420,2022-09-27 10:51:15.376884420,4.713567839195926,-5.0,True,order_143
order_144,shipped,2022-09-19 13:37:41.306532664,2022-09-19 13:37:41.306532664,2022-09-20 13:37:41.306532664,2022-09-24 06:52:27.738693468,2022-09-29 06:52:27.738693468,4.71859296482412,-5.0,True,order_144
order_145,delivered,2022-09-21 09:31:39.497487440,2022-09-21 09:31:39.497487440,2022-09-22 09:31:39.497487440,2022-09-26 02:53:40.100502512,2022-10-01 02:53:40.100502512,4.723618090452223,-5.0,True,order_145
order_146,delivered,2022-09-23 05:25:37.688442212,2022-09-23 05:25:37.688442212,2022-09-24 05:25:37.688442212,2022-09-27 22:54:52.462311556,2022-10-02 22:54:52.462311556,4.72864321608037,-5.0,True,order_146
order_147,delivered,2022-09-25 01:19:35.879396984,2022-09-25 01:19:35.879396984,2022-09-26 01:19:35.879396984,2022-09-29 18:56:04.824120600,2022-10-04 18:56:04.824120600,4.733668341708518,-5.0,True,order_147
order_148,delivered,2022-09-26 21:13:34.070351760,2022-09-26 21:13:34.070351760,2022-09-27 21:13:34.070351760,2022-10-01 14:57:17.185929648,2022-10-06 14:57:17.185929648,4.738693467336667,-5.0,True,order_148
order_149,processing,2022-09-28 17:07:32.261306532,2022-09-28 17:07:32.261306532,2022-09-29 17:07:32.261306532,2022-10-03 10:58:29.547738692,2022-10-08 10:58:29.547738692,4.7437185929648145,-5.0,True,order_149
order_150,delivered,2022-09-30 13:01:30.452261308,2022-09-30 13:01:30.452261308,2022-10-01 13:01:30.452261308,2022-10-05 06:59:41.909547736,2022-10-10 06:59:41.909547736,4.748743718592917,-5.0,True,order_150
order_151,processing,2022-10-02 08:55:28.643216080,2022-10-02 08:55:28.643216080,2022-10-03 08:55:28.643216080,2022-10-07 03:00:54.271356784,2022-10-12 03:00:54.271356784,4.753768844221111,-5.0,True,order_151
order_152,processing,2022-10-04 04:49:26.834170856,2022-10-04 04:49:26.834170856,2022-10-05 04:49:26.834170856,2022-10-08 23:02:06.633165828,2022-10-13 23:02:06.633165828,4.758793969849213,-5.0,True,order_152
order_153,delivered,2022-10-06 00:43:25.025125628,2022-10-06 00:43:25.025125628,2022-10-07 00:43:25.025125628,2022-10-10 19:03:18.994974872,2022-10-15 19:03:18.994974872,4.763819095477361,-5.0,True,order_153
order_154,delivered,2022-10-07 20:37:23.216080404,2022-10-07 20:37:23.216080404,2022-10-08 20:37:23.216080404,2022-10-12 15:04:31.356783920,2022-10-17 15:04:31.356783920,4.7688442211055095,-5.0,True,order_154
order_155,delivered,2022-10-09 16:31:21.407035176,2022-10-09 16:31:21.407035176,2022-10-10 16:31:21.407035176,2022-10-14 11:05:43.718592964,2022-10-19 11:05:43.718592964,4.773869346733657,-5.0,True,order_155
order_156,canceled,2022-10-11 12:25:19.597989952,2022-10-11 12:25:19.597989952,2022-10-12 12:25:19.597989952,2022-10-16 07:06:56.080402008,2022-10-21 07:06:56.080402008,4.77889447236176,-5.0,True,order_156
order_157,delivered,2022-10-13 08:19:17.788944724,2022-10-13 08:19:17.788944724,2022-10-14 08:19:17.788944724,2022-10-18 03:08:08.442211056,2022-10-23 03:08:08.442211056,4.783919597989954,-5.0,True,order_157
order_158,delivered,2022-10-15 04:13:15.979899500,2022-10-15 04:13:15.979899500,2022-10-16 04:13:15.979899500,2022-10-19 23:09:20.804020100,2022-10-24 23:09:20.804020100,4.788944723618056,-5.0,True,order_158
order_159,processing,2022-10-17 00:07:14.170854272,2022-10-17 00:07:14.170854272,2022-10-18 00:07:14.170854272,2022-10-21 19:10:33.165829144,2022-10-26 19:10:33.165829144,4.793969849246204,-5.0,True,order_159
order_160,delivered,2022-10-18 20:01:12.361809048,2022-10-18 20:01:12.361809048,2022-10-19 20:01:12.361809048,2022-10-23 15:11:45.527638188,2022-10-28 15:11:45.527638188,4.798994974874305,-5.0,True,order_160
order_161,delivered,2022-10-20 15:55:10.552763820,2022-10-20 15:55:10.552763820,2022-10-21 15:55:10.552763820,2022-10-25 11:12:57.889447236,2022-10-30 11:12:57.889447236,4.8040201005025,-5.0,True,order_161
order_162,delivered,2022-10-22 11:49:08.743718592,2022-10-22 11:49:08.743718592,2022-10-23 11:49:08.743718592,2022-10-27 07:14:10.251256280,2022-11-01 07:14:10.251256280,4.809045226130649,-5.0,True,order_162
order_163,delivered,2022-10-24 07:43:06.934673368,2022-10-24 07:43:06.934673368,2022-10-25 07:43:06.934673368,2022-10-29 03:15:22.613065324,2022-11-03 03:15:22.613065324,4.81407035175875,-5.0,True,order_163
order_164,delivered,2022-10-26 03:37:05.125628140,2022-10-26 03:37:05.125628140,2022-10-27 03:37:05.125628140,2022-10-30 23:16:34.974874372,2022-11-04 23:16:34.974874372,4.819095477386945,-5.0,True,order_164
order_165,canceled,2022-10-27 23:31:03.316582916,2022-10-27 23:31:03.316582916,2022-10-28 23:31:03.316582916,2022-11-01 19:17:47.336683416,2022-11-06 19:17:47.336683416,4.8241206030150465,-5.0,True,order_165
order_166,delivered,2022-10-29 19:25:01.507537688,2022-10-29 19:25:01.507537688,2022-10-30 19:25:01.507537688,2022-11-03 15:18:59.698492460,2022-11-08 15:18:59.698492460,4.829145728643194,-5.0,True,order_166
order_167,canceled,2022-10-31 15:18:59.698492464,2022-10-31 15:18:59.698492464,2022-11-01 15:18:59.698492464,2022-11-05 11:20:12.060301508,2022-11-10 11:20:12.060301508,4.834170854271343,-5.0,True,order_167
order_168,processing,2022-11-02 11:12:57.889447236,2022-11-02 11:12:57.889447236,2022-11-03 11:12:57.889447236,2022-11-07 07:21:24.422110552,2022-11-12 07:21:24.422110552,4.839195979899491,-5.0,True,order_168
order_169,delivered,2022-11-04 07:06:56.080402012,2022-11-04 07:06:56.080402012,2022-11-05 07:06:56.080402012,2022-11-09 03:22:36.783919596,2022-11-14 03:22:36.783919596,4.844221105527593,-5.0,True,order_169
order_170,delivered,2022-11-06 03:00:54.271356784,2022-11-06 03:00:54.271356784,2022-11-07 03:00:54.271356784,2022-11-10 23:23:49.145728640,2022-11-15 23:23:49.145728640,4.849246231155741,-5.0,True,order_170
order_171,delivered,2022-11-07 22:54:52.462311560,2022-11-07 22:54:52.462311560,2022-11-08 22:54:52.462311560,2022-11-12 19:25:01.507537688,2022-11-17 19:25:01.507537688,4.854271356783889,-5.0,True,order_171
order_172,shipped,2022-11-09 18:48:50.653266332,2022-11-09 18:48:50.653266332,2022-11-10 18:48:50.653266332,2022-11-14 15:26:13.869346732,2022-11-19 15:26:13.869346732,4.859296482412037,-5.0,True,order_172
order_173,delivered,2022-11-11 14:42:48.844221108,2022-11-11 14:42:48.844221108,2022-11-12 14:42:48.844221108,2022-11-16 11:27:26.231155776,2022-11-21 11:27:26.231155776,4.864321608040139,-5.0,True,order_173
order_174,delivered,2022-11-13 10:36:47.035175880,2022-11-13 10:36:47.035175880,2022-11-14 10:36:47.035175880,2022-11-18 07:28:38.592964824,2022-11-23 07:28:38.592964824,4.869346733668333,-5.0,True,order_174
order_175,delivered,2022-11-15 06:30:45.226130656,2022-11-15 06:30:45.226130656,2022-11-16 06:30:45.226130656,2022-11-20 03:29:50.954773868,2022-11-25 03:29:50.954773868,4.874371859296435,-5.0,True,order_175
order_176,delivered,2022-11-17 02:24:43.417085428,2022-11-17 02:24:43.417085428,2022-11-18 02:24:43.417085428,2022-11-21 23:31:03.316582912,2022-11-26 23:31:03.316582912,4.879396984924583,-5.0,True,order_176
order_177,delivered,2022-11-18 22:18:41.608040200,2022-11-18 22:18:41.608040200,2022-11-19 22:18:41.608040200,2022-11-23 19:32:15.678391960,2022-11-28 19:32:15.678391960,4.884422110552778,-5.0,True,order_177
order_178,delivered,2022-11-20 18:12:39.798994976,2022-11-20 18:12:39.798994976,2022-11-21 18:12:39.798994976,2022-11-25 15:33:28.040201004,2022-11-30 15:33:28.040201004,4.889447236180879,-5.0,True,order_178
order_179,delivered,2022-11-22 14:06:37.989949748,2022-11-22 14:06:37.989949748,2022-11-23 14:06:37.989949748,2022-11-27 11:34:40.402010048,2022-12-02 11:34:40.402010048,4.894472361809028,-5.0,True,order_179
order_180,processing,2022-11-24 10:00:36.180904524,2022-11-24 10:00:36.180904524,2022-11-25 10:00:36.180904524,2022-11-29 07:35:52.763819096,2022-12-04 07:35:52.763819096,4.899497487437175,-5.0,True,order_180
order_181,delivered,2022-11-26 05:54:34.371859296,2022-11-26 05:54:34.371859296,2022-11-27 05:54:34.371859296,2022-12-01 03:37:05.125628140,2022-12-06 03:37:05.125628140,4.904522613065324,-5.0,True,order_181
order_182,delivered,2022-11-28 01:48:32.562814072,2022-11-28 01:48:32.562814072,2022-11-29 01:48:32.562814072,2022-12-02 23:38:17.487437184,2022-12-07 23:38:17.487437184,4.909547738693426,-5.0,True,order_182
order_183,delivered,2022-11-29 21:42:30.753768844,2022-11-29 21:42:30.753768844,2022-11-30 21:42:30.753768844,2022-12-04 19:39:29.849246228,2022-12-09 19:39:29.849246228,4.914572864321574,-5.0,True,order_183
order_184,processing,2022-12-01 17:36:28.944723620,2022-12-01 17:36:28.944723620,2022-12-02 17:36:28.944723620,2022-12-06 15:40:42.211055276,2022-12-11 15:40:42.211055276,4.919597989949723,-5.0,True,order_184
order_185,delivered,2022-12-03 13:30:27.135678392,2022-12-03 13:30:27.135678392,2022-12-04 13:30:27.135678392,2022-12-08 11:41:54.572864320,2022-12-13 11:41:54.572864320,4.92462311557787,-5.0,True,order_185
order_186,delivered,2022-12-05 09:24:25.326633168,2022-12-05 09:24:25.326633168,2022-12-06 09:24:25.326633168,2022-12-10 07:43:06.934673364,2022-12-15 07:43:06.934673364,4.929648241205972,-5.0,True,order_186
order_187,delivered,2022-12-07 05:18:23.517587940,2022-12-07 05:18:23.517587940,2022-12-08 05:18:23.517587940,2022-12-12 03:44:19.296482412,2022-12-17 03:44:19.296482412,4.934673366834167,-5.0,True,order_187
order_188,delivered,2022-12-09 01:12:21.708542716,2022-12-09 01:12:21.708542716,2022-12-10 01:12:21.708542716,2022-12-13 23:45:31.658291456,2022-12-18 23:45:31.658291456,4.939698492462268,-5.0,True,order_188
order_189,delivered,2022-12-10 21:06:19.899497488,2022-12-10 21:06:19.899497488,2022-12-11 21:06:19.899497488,2022-12-15 19:46:44.020100500,2022-12-20 19:46:44.020100500,4.944723618090417,-5.0,True,order_189
order_190,delivered,2022-12-12 17:00:18.090452264,2022-12-12 17:00:18.090452264,2022-12-13 17:00:18.090452264,2022-12-17 15:47:56.381909548,2022-12-22 15:47:56.381909548,4.9497487437185645,-5.0,True,order_190
order_191,delivered,2022-12-14 12:54:16.281407036,2022-12-14 12:54:16.281407036,2022-12-15 12:54:16.281407036,2022-12-19 11:49:08.743718592,2022-12-24 11:49:08.743718592,4.954773869346713,-5.0,True,order_191
order_192,delivered,2022-12-16 08:48:14.472361812,2022-12-16 08:48:14.472361812,2022-12-17 08:48:14.472361812,2022-12-21 07:50:21.105527636,2022-12-26 07:50:21.105527636,4.959798994974815,-5.0,True,order_192
order_193,delivered,2022-12-18 04:42:12.663316584,2022-12-18 04:42:12.663316584,2022-12-19 04:42:12.663316584,2022-12-23 03:51:33.467336680,2022-12-28 03:51:33.467336680,4.964824120602963,-5.0,True,order_193
order_194,delivered,2022-12-20 00:36:10.854271356,2022-12-20 00:36:10.854271356,2022-12-21 00:36:10.854271356,2022-12-24 23:52:45.829145728,2022-12-29 23:52:45.829145728,4.969849246231157,-5.0,True,order_194
order_195,delivered,2022-12-21 20:30:09.045226132,2022-12-21 20:30:09.045226132,2022-12-22 20:30:09.045226132,2022-12-26 19:53:58.190954772,2022-12-31 19:53:58.190954772,4.97487437185926,-5.0,True,order_195
order_196,shipped,2022-12-23 16:24:07.236180904,2022-12-23 16:24:07.236180904,2022-12-24 16:24:07.236180904,2022-12-28 15:55:10.552763816,2023-01-02 15:55:10.552763816,4.979899497487407,-5.0,True,order_196
order_197,delivered,2022-12-25 12:18:05.427135680,2022-12-25 12:18:05.427135680,2022-12-26 12:18:05.427135680,2022-12-30 11:56:22.914572864,2023-01-04 11:56:22.914572864,4.984924623115556,-5.0,True,order_197
order_198,delivered,2022-12-27 08:12:03.618090452,2022-12-27 08:12:03.618090452,2022-12-28 08:12:03.618090452,2023-01-01 07:57:35.276381908,2023-01-06 07:57:35.276381908,4.989949748743704,-5.0,True,order_198
order_199,processing,2022-12-29 04:06:01.809045228,2022-12-29 04:06:01.809045228,2022-12-30 04:06:01.809045228,2023-01-03 03:58:47.638190952,2023-01-08 03:58:47.638190952,4.994974874371806,-5.0,True,order_199
order_200,delivered,2022-12-31 00:00:00.000000000,2022-12-31 00:00:00.000000000,2023-01-01 00:00:00.000000000,2023-01-05 00:00:00.000000000,2023-01-10 00:00:00.000000000,5.0,-5.0,True,order_200
